party,region,name,twitter,uri
National Liberal Party – True Liberalism,London,Graham Williamson,
National Liberal Party – True Liberalism,London,Jagdeesh Singh,
National Liberal Party – True Liberalism,London,Sockalingam Yogalingam,
National Liberal Party – True Liberalism,London,Doris Jones,
National Liberal Party – True Liberalism,London,Upkar Rai,
National Liberal Party – True Liberalism,London,Yussef Anwar,
National Liberal Party – True Liberalism,London,Araz Yurdseven,
National Liberal Party – True Liberalism,London,Bernard Dube,
Alliance Party of Northern Ireland,Northern Ireland,Anna Lo,Anna4Europe
Socialist Equality Party (UK),North West England,Chris Marsden,
Socialist Equality Party (UK),North West England,Julie Hyland,
Socialist Equality Party (UK),North West England,Robert Skelton,
Socialist Equality Party (UK),North West England,Lucy Warren,
Socialist Equality Party (UK),North West England,Mark Dowson,
Socialist Equality Party (UK),North West England,Ajitha Gunaratne,
Socialist Equality Party (UK),North West England,Danny Dickinson,dannyd219
Socialist Equality Party (UK),North West England,Joe Heffer,
An Independence From Europe,South West England,David Smith,
An Independence From Europe,South West England,Helen Webster,
An Independence From Europe,South West England,Mike Camp,
An Independence From Europe,South West England,Andrew Edwards,
An Independence From Europe,South West England,Phil Dunn,
An Independence From Europe,South West England,John Taverner,
An Independence From Europe,Yorkshire and the Humber,Christopher Booth,
An Independence From Europe,Yorkshire and the Humber,Kerrie Oxenham,
An Independence From Europe,Yorkshire and the Humber,Malcolm Snelling,
An Independence From Europe,Yorkshire and the Humber,John Martin,
An Independence From Europe,Yorkshire and the Humber,Paul Sootheran,
An Independence From Europe,Yorkshire and the Humber,Howard Blake,
An Independence From Europe,East of England,Paul Wiffen,
An Independence From Europe,East of England,Karl Davies,
An Independence From Europe,East of England,Raymond Spalding,
An Independence From Europe,East of England,Edmond Rosenthal,
An Independence From Europe,East of England,Rupert Smith,
An Independence From Europe,East of England,Dennis Wiffen,
An Independence From Europe,East of England,Betty Wiffen,
An Independence From Europe,West Midlands,Mike Nattrass,,http://dbpedia.org/resource/Mike_Nattrass
An Independence From Europe,West Midlands,Mark nattrass,
An Independence From Europe,West Midlands,Joshna Pattni,
An Independence From Europe,West Midlands,Carl Humphries,
An Independence From Europe,West Midlands,George Forrest,
An Independence From Europe,West Midlands,Douglas Ingram,
An Independence From Europe,West Midlands,Paul Alders,
An Independence From Europe,East Midlands,Chris Pain,
An Independence From Europe,East Midlands,Val Pain,
An Independence From Europe,East Midlands,Alan Jesson,
An Independence From Europe,East Midlands,John Beaver,
An Independence From Europe,East Midlands,Carl Mason,
An Independence From Europe,North West England,Helen Bashford,
An Independence From Europe,North West England,Gill Kearney,
An Independence From Europe,North West England,Pauline Penny,
An Independence From Europe,North West England,Kay Bashford,
An Independence From Europe,North West England,Faye Raw,
An Independence From Europe,North West England,Lorna Markovitch,
An Independence From Europe,North West England,Jennie Ransome,
An Independence From Europe,North West England,Jill Stockdale,
An Independence From Europe,London,Patrick Burns,
An Independence From Europe,London,Marlene Daniel,
An Independence From Europe,London,Gareth Griffiths,
An Independence From Europe,London,Munpreet Bhathal,
An Independence From Europe,London,Sharon Greenfield,
An Independence From Europe,London,Eddie Yeoman,
An Independence From Europe,London,Fred Atkins,
An Independence From Europe,London,Jean Atkins,
An Independence From Europe,North East England,Sherri Forbes,
An Independence From Europe,North East England,Nawal Hizan,
An Independence From Europe,North East England,Mary Forbes,
An Independence From Europe,South East England,Laurence Stassen,,http://dbpedia.org/resource/Laurence_Stassen
An Independence From Europe,South East England,Joyce Nattrass,
An Independence From Europe,South East England,Paul Godfrey,
An Independence From Europe,South East England,Alan Sheath,
An Independence From Europe,South East England,Ken Holtom,
An Independence From Europe,South East England,Mark Henry,
An Independence From Europe,South East England,Keith Vernon,
An Independence From Europe,South East England,Michaelina Argy,
An Independence From Europe,South East England,Seana Connolly,
An Independence From Europe,South East England,Dorothy Sheath,
Pirate Party UK,North West England,Maria Aretoulaki,PiratePUKMaria
Pirate Party UK,North West England,George Walkden,gwalkden
Pirate Party UK,North West England,Jack Allnutt,allnutt_eu
Socialist Labour,Wales,Andrew Jordan,AndrewJordanSLP
Socialist Labour,Wales,Katherine Jones,
Socialist Labour,Wales,David Lloyd Jones,
Socialist Labour,Wales,Liz Screen,
Sinn Féin,Northern Ireland,Martina Anderson,MEPStandingUp4U,http://dbpedia.org/resource/Martina_Anderson
National Health Action Party,London,Dr Louise Irvine,drmarielouise
National Health Action Party,London,Dr Chidi Ejimofo,Nytspider
National Health Action Party,London,Marcus Chown,
National Health Action Party,London,Kathryn Anderson,
National Health Action Party,London,Rufus Hound,RufusHound,http://dbpedia.org/resource/Rufus_Hound
National Health Action Party,London,Jessica Ormerod,
National Health Action Party,London,Andrew Sharp,Andrewsharp1
National Health Action Party,London,Alex Ashman,
Green Party of Northern Ireland,Northern Ireland,Ross Brown,voterossbrown
Europeans Party,London,Tommy Tomescu,
Europeans Party,London,Andrzej Rygielski,
Europeans Party,London,Vanessa Rodriguez,
Europeans Party,London,Robin Ashenden,
Europeans Party,London,Emil Rusanov,
Europeans Party,London,Georgios Papagrigorakis,
NI21,Northern Ireland,Tina McKenzie,Tina4Europe
Social Democratic and Labour Party,Northern Ireland,Alex Attwood,AlexForEurope,http://dbpedia.org/resource/Alex_Attwood
No2EU,North West England,Roger Bannister,
No2EU,North West England,George Waterhouse,
No2EU,North West England,Jacqueline Grunsell,
No2EU,North West England,John Metcalfe,
No2EU,North West England,George Tapp,
No2EU,North West England,Mark Rowe,
No2EU,North West England,James Healy,
No2EU,North West England,Kevin Morrison,
No2EU,Yorkshire and the Humber,Trevor Howard,
No2EU,Yorkshire and the Humber,Mary Jackson,
No2EU,Yorkshire and the Humber,Carrie Hedderwick,
No2EU,Yorkshire and the Humber,Adrian O'Malley,
No2EU,Yorkshire and the Humber,Steven Andrew,
No2EU,Yorkshire and the Humber,Iain Dalton,
No2EU,Wales,Robert Griffiths,
No2EU,Wales,Claire Job,
No2EU,Wales,Steven Skelly,
No2EU,Wales,Laura Picand,
No2EU,East of England,Brian Denny,
No2EU,East of England,Eleanor Donne,
No2EU,East of England,Stephen Glennon,
No2EU,East of England,David Goode,
No2EU,East of England,Leonardo Impett,
No2EU,East of England,Teresa Mackay,
No2EU,East of England,Emily Thompson-Golding,
No2EU,London,Edward Dempsey,
No2EU,London,Alexander Gordon,
No2EU,London,April Ashley,
No2EU,London,Annie Ngemi,
No2EU,London,Mary Davis,
No2EU,London,Paula Mitchell,
No2EU,London,Natasha Hoarau,
No2EU,London,Michael Carty,
No2EU,West Midlands,Dave Nellist,davenellist,http://dbpedia.org/resource/Dave_Nellist
No2EU,West Midlands,Pat Collins,
No2EU,West Midlands,Joanne Stevenson,
No2EU,West Midlands,Sophia Hussain,
No2EU,West Midlands,Paul Reilly,
No2EU,West Midlands,Andrew Chaffer,
No2EU,West Midlands,Amanda Marfleet,
No2EU,Scotland,John Foster,
No2EU,Scotland,Andrew Elliott,
No2EU,Scotland,Murdo Maclean,
No2EU,Scotland,Gail Morrow,
No2EU,Scotland,Brian Smith,
No2EU,Scotland,Richard Veitch,
Communities United Party,London,Kamran Malik,
Communities United Party,London,Humera Kamran,
Communities United Party,London,Cydatty Bogie,
Communities United Party,London,Mary Coleman-Daniels,
Communities United Party,London,Idris Ali,
Communities United Party,London,Reuben Edokpayi,
Communities United Party,London,Sunita Singh,
Communities United Party,London,Joanne Flanders,
British National Party,North East England,Martin Vaughan,
British National Party,North East England,Lady Dorothy Brooke,
British National Party,North East England,Peter Foreman,
British National Party,Yorkshire and the Humber,Marlene Guest,
British National Party,Yorkshire and the Humber,Adam Walker,
British National Party,Yorkshire and the Humber,Danny Cooke,
British National Party,Yorkshire and the Humber,Joanne Brown,
British National Party,Yorkshire and the Humber,Steven Harrison,
British National Party,Yorkshire and the Humber,Stuart Henshaw,
British National Party,West Midlands,Michael Coleman,
British National Party,West Midlands,Jennifer Matthys,
British National Party,West Midlands,Kenneth Griffiths,
British National Party,West Midlands,Simon Patten,
British National Party,West Midlands,David Bradnock,
British National Party,West Midlands,Mark Badrick,
British National Party,West Midlands,Phil Kimberley,
British National Party,North West England,Nick Griffin,nickgriffinmep,http://dbpedia.org/resource/Nick_Griffin
British National Party,North West England,Dawn Charlton,
British National Party,North West England,Clive Jefferson,
British National Party,North West England,Eddy O'Sullivan,
British National Party,North West England,Simon Darby,,http://dbpedia.org/resource/Simon_Darby
British National Party,North West England,Kay Pollitt,
British National Party,North West England,Derek Adams,
British National Party,North West England,David O'Loughlin,
British National Party,East of England,Richard Perry,
British National Party,East of England,Christopher Livingstone,
British National Party,East of England,Mark Burmby,
British National Party,East of England,Paul Hooks,
British National Party,East of England,Stephen Smith,
British National Party,East of England,Philip Howell,
British National Party,East of England,Michael Braun,
British National Party,Scotland,Kenneth McDonald,
British National Party,Scotland,David Orr,
British National Party,Scotland,Victoria McKenzie,
British National Party,Scotland,Angus Matthys,
British National Party,Scotland,Paul Stafford,
British National Party,Scotland,Stacey Fleming,
British National Party,East Midlands,Cathy Duffy,
British National Party,East Midlands,Robert West,
British National Party,East Midlands,Bob Brindley,
British National Party,East Midlands,Geoffrey Dickens,
British National Party,East Midlands,Paul Hilliard,
British National Party,South East England,John Robinson,
British National Party,South East England,Gavin Miller,
British National Party,South East England,Eric Elliott,
British National Party,South East England,John Moore,
British National Party,South East England,Alwyn Deacon,
British National Party,South East England,Anthony Bamber,
British National Party,South East England,Brenda Waterhouse,
British National Party,South East England,Mark Jones,
British National Party,South East England,Jack Renshaw,
British National Party,South East England,Yvonne Deacon,
British National Party,London,Stephen Squire,
British National Party,London,Donna Treanor,
British National Party,London,Paul Sturdy,
British National Party,London,John Clarke,
British National Party,London,David Furness,
British National Party,London,Cliff Le May,
British National Party,London,Ray Underwood,
British National Party,London,Kevin Lazell,
British National Party,Wales,Mike Whitby,
British National Party,Wales,Laurence Dalriada,
British National Party,Wales,Jean Griffin,
British National Party,Wales,Gary Tumulty,
British National Party,South West England,Adrian Romilly,
British National Party,South West England,Cliff Jones,
British National Party,South West England,Arnold Brindle,
British National Party,South West England,Wayne Peter Tomlinson,
British National Party,South West England,Andrew Webster,
British National Party,South West England,Giuseppe De Santis,
Yorkshire First,Yorkshire and the Humber,Stewart Arnold,
Yorkshire First,Yorkshire and the Humber,Richard Carter,
Yorkshire First,Yorkshire and the Humber,Richard Honnoraty,
Liberty GB,South East England,Paul Weston,paulwestonlibgb
Liberty GB,South East England,Enza Ferreri,EnzaFerreri
Liberty GB,South East England,Jack Buckby,jackbuckby
Conservative Party,North East England,Martin Callanan,,http://dbpedia.org/resource/Martin_Callanan
Conservative Party,North East England,Ben Houchen,BenHouchen
Conservative Party,North East England,Andrew Lee,
Conservative Party,Yorkshire and the Humber,Timothy Kirkhope,TimKirkhopeMEP,http://dbpedia.org/resource/Timothy_Kirkhope
Conservative Party,Yorkshire and the Humber,Alex Story,
Conservative Party,Yorkshire and the Humber,John Procter,
Conservative Party,Yorkshire and the Humber,Carolyn Abbott,CarolynAbbottRe
Conservative Party,Yorkshire and the Humber,Michael Naughton,
Conservative Party,Yorkshire and the Humber,Ryan Stephenson,
Conservative Party,East of England,Vicky Ford,vickyford
Conservative Party,East of England,Geoffrey van Orden,,http://dbpedia.org/resource/Geoffrey_Van_Orden
Conservative Party,East of England,David Campbell Bannerman,DCBMEP,http://dbpedia.org/resource/David_Campbell_Bannerman
Conservative Party,East of England,John Flack,GiveEuropeFlack
Conservative Party,East of England,Tom Hunt,cllrtomhunt1
Conservative Party,East of England,Margaret Simons,Margaret_Simons
Conservative Party,East of England,Jonathan Collett,JonCollett
Conservative Party,North West England,Jacqueline Foster,jfostermep
Conservative Party,North West England,Sajjad Karim,SHKMEP,http://dbpedia.org/resource/Sajjad_Karim
Conservative Party,North West England,Kevin Beaty,kevcow
Conservative Party,North West England,Deborah Dunleavy,
Conservative Party,North West England,Joe Barker-Willis,JMVBarker
Conservative Party,North West England,Daniel Hamilton,danielrhamilton
Conservative Party,North West England,Chris Whiteside,ChrisWhiteside3
Conservative Party,North West England,James Walsh,
Conservative Party,West Midlands,Philip Bradbourn,
Conservative Party,West Midlands,Anthea McIntyre,anthea_mcintyre,http://dbpedia.org/resource/Anthea_McIntyre
Conservative Party,West Midlands,Daniel Dalton,
Conservative Party,West Midlands,Michael Burnett,
Conservative Party,West Midlands,Sibby Buckle,sibbuc
Conservative Party,West Midlands,Dan Sames,DanSames
Conservative Party,West Midlands,Avern Alex,
Conservative Party,Scotland,Ian Duncan,IanDuncan2014
Conservative Party,Scotland,Belinda Don,
Conservative Party,Scotland,Nosheena Mobarik,
Conservative Party,Scotland,Jamie Gardiner,
Conservative Party,Scotland,Iain McGill,IainMcGill
Conservative Party,Scotland,Stuart McIntyre,stuartgmcintyre
Conservative Party,East Midlands,Emma McClarkin,EmmaMcClarkin,http://dbpedia.org/resource/Emma_McClarkin
Conservative Party,East Midlands,Andrew Lewer,
Conservative Party,East Midlands,Rupert Matthews,RupertMatthews
Conservative Party,East Midlands,Stephen Castens,
Conservative Party,East Midlands,Brendan Clarke-Smith,
Conservative Party,London,Syed Kamall,SyedKamall,http://dbpedia.org/resource/Syed_Kamall
Conservative Party,London,Charles Tannock,CharlesTannock,http://dbpedia.org/resource/Charles_Tannock
Conservative Party,London,Marina Yannakoudakis,MarinaMEP,http://dbpedia.org/resource/Marina_Yannakoudakis
Conservative Party,London,Caroline Attfield,
Conservative Party,London,Lynne Hack,
Conservative Party,London,Sheila Lawlor,
Conservative Party,London,Glyn Chambers,
Conservative Party,London,Annesley Abercorn,
Conservative Party,South East England,Daniel Hannan,DanHannanMEP,http://dbpedia.org/resource/Daniel_Hannan
Conservative Party,South East England,Nirj Deva,NirjDeva,http://dbpedia.org/resource/Nirj_Deva
Conservative Party,South East England,Richard Ashworth,RichardAshMEP
Conservative Party,South East England,Marta Andreasen,mandreasen,http://dbpedia.org/resource/Marta_Andreasen
Conservative Party,South East England,Richard Robinson,RRsoutheast
Conservative Party,South East England,Graham Knight,GrahamKNIGHT2
Conservative Party,South East England,Julie Marson,JulieMarson
Conservative Party,South East England,George Jeffrey,
Conservative Party,South East England,Rory Love,
Conservative Party,South East England,Adrian Pepper,thepepperview
Conservative Party,Northern Ireland,Mark Brotherston,MarkBrotherston
Conservative Party,Wales,Kay Swinburne,,http://dbpedia.org/resource/Kay_Swinburne
Conservative Party,Wales,Aled Davies,Aled_Glanogeu
Conservative Party,Wales,Dan Boucher,Dan4SwanseaEast
Conservative Party,Wales,Richard Hopkin,RichardHopkin
Conservative Party,South West England,Ashley Fox,Ashleyfoxmep,http://dbpedia.org/resource/Ashley_Fox
Conservative Party,South West England,Julie Girling,juliegirling,http://dbpedia.org/resource/Julie_Girling
Conservative Party,South West England,James Cracknell,JamesCracknell
Conservative Party,South West England,Georgina Butler,gbdiplo
Conservative Party,South West England,Sophie Swire,SwireSophie
Conservative Party,South West England,Melissa Maynard,mmaynard4mep
Britain First,Wales,Paul Golding,
Britain First,Wales,Anthony Golding,
Britain First,Wales,Christine Smith,
Britain First,Wales,Anne Elstone,
Britain First,Scotland,James Dowson,
Britain First,Scotland,John Randall,
Britain First,Scotland,Jayda Fransen,
Britain First,Scotland,Geoffrey Clynch,
Britain First,Scotland,Margaret Clynch,
Britain First,Scotland,Jane Shepherd,
Socialist Party of Great Britain,South East England,Dave Chesham,whichfinder
Socialist Party of Great Britain,South East England,Rob Cox,
Socialist Party of Great Britain,South East England,Les Courtney,
Socialist Party of Great Britain,South East England,Sean Deegan,thewealthatom
Socialist Party of Great Britain,South East England,Max Hess,
Socialist Party of Great Britain,South East England,Claudia Hogg-Blake,
Socialist Party of Great Britain,South East England,Danny Lambert,
Socialist Party of Great Britain,South East England,Andy Matthews,
Socialist Party of Great Britain,South East England,Howard Pilott,
Socialist Party of Great Britain,South East England,Mike Young,
Socialist Party of Great Britain,Wales,Brian Johnson,
Socialist Party of Great Britain,Wales,Richard Cheney,
Socialist Party of Great Britain,Wales,Ed Blewitt,
Socialist Party of Great Britain,Wales,Howard Moss,
Labour Party,North East England,Judith Kirton-Darling,Jude_KD
Labour Party,North East England,Paul Brannen,PaulBrannenNE
Labour Party,North East England,Jayne Shotton,jshttn
Labour Party,Yorkshire and the Humber,Linda McAvan,LindaMcAvanMEP,http://dbpedia.org/resource/Linda_McAvan
Labour Party,Yorkshire and the Humber,Richard Corbett,RichardC2014,http://dbpedia.org/resource/Richard_Corbett
Labour Party,Yorkshire and the Humber,Eleanor Tunnicliffe,ejtunnicliffe
Labour Party,Yorkshire and the Humber,Asghar Khan,asgharlab
Labour Party,Yorkshire and the Humber,Helen Mirfin-Boukouris,MirfinBoukouris
Labour Party,Yorkshire and the Humber,Darren Hughes,darrenjlhughes
Labour Party,East of England,Richard Howitt,richardhowitt,http://dbpedia.org/resource/Richard_Howitt_(politician)
Labour Party,East of England,Alex Mayer,alexlmayer
Labour Party,East of England,Sandy Martin,sandyofipswich
Labour Party,East of England,Bhavna Joshi,BhavnaJoshi
Labour Party,East of England,Paul Bishop,
Labour Party,East of England,Jane Basham,Jane_Basham
Labour Party,East of England,Chris Ostrowski,
Labour Party,North West England,Theresa Griffin,TheresaG_EU
Labour Party,North West England,Afzal Khan,cllrakhan
Labour Party,North West England,Julie Ward,julie4nw
Labour Party,North West England,Wajid Khan,wajid4europe,http://dbpedia.org/resource/Wajid_Khan
Labour Party,North West England,Angeliki Stogia,Angeliki4eu
Labour Party,North West England,Steve Carter,SteveCarter001
Labour Party,North West England,Pascale Lamb,PascaleLamb
Labour Party,North West England,Nick Parnell,
Labour Party,West Midlands,Neena Gill,neenaformep,http://dbpedia.org/resource/Neena_Gill
Labour Party,West Midlands,Siôn Simon,sionsimon,http://dbpedia.org/resource/Si%C3%B4n_Simon
Labour Party,West Midlands,Lynda Waltho,LW4WM,http://dbpedia.org/resource/Lynda_Waltho
Labour Party,West Midlands,Ansar Ali Khan,ansar_ali_khan
Labour Party,West Midlands,Olwen Hamer,OlwenHamer
Labour Party,West Midlands,Tony Ethapemi,
Labour Party,West Midlands,Philippa Roberts,
Labour Party,Scotland,David Martin,davidmartinmep,http://dbpedia.org/resource/David_Martin_(Scottish_politician)
Labour Party,Scotland,Catherine Stihler,C_Stihler_MEP,http://dbpedia.org/resource/Catherine_Stihler
Labour Party,Scotland,Derek Munn,Derek4Europe
Labour Party,Scotland,Katrina Murray,katrinamurray71
Labour Party,Scotland,Asim Khan,asim_rel
Labour Party,Scotland,Kirsty O'Brien,Coisty_OB
Labour Party,East Midlands,Glenis Willmott,GlenisWillmott,http://dbpedia.org/resource/Glenis_Willmott
Labour Party,East Midlands,Rory Palmer,Rory_Palmer
Labour Party,East Midlands,Linda Woodings,LindaWoodings
Labour Party,East Midlands,Khalid Hadadi,
Labour Party,East Midlands,Nicki Brooks,NickiBrooksx
Labour Party,South East England,Anneliese Dodds,AnnelieseDodds
Labour Party,South East England,John Howarth,johnhowarth1958
Labour Party,South East England,Emily Westley,emilywestley
Labour Party,South East England,James Swindlehurst,jamesswindy
Labour Party,South East England,Farah Nazeer,FarahNazeer
Labour Party,South East England,James Watkins,watkins_js
Labour Party,South East England,Maggie Hughes,EUMaggie_Hughes
Labour Party,South East England,Christopher Clark,
Labour Party,South East England,Karen Landles,karenlandles
Labour Party,South East England,Tracey Hill,
Labour Party,London,Claude Moraes,ClaudeMoraesMEP
Labour Party,London,Mary Honeyball,maryhoneyball
Labour Party,London,Lucy Anderson,Lucy4MEP
Labour Party,London,Seb Dance,SebDance
Labour Party,London,Ivana Bartoletti,IvanaBartoletti
Labour Party,London,Kamaljeet Jandu,KamaljeetJandu
Labour Party,London,Sanchia Alasia,sanchia4europe
Labour Party,London,Andrea Biondi,biondi4europe
Labour Party,Wales,Derek Vaughan,derekvaughan,http://dbpedia.org/resource/Derek_Vaughan
Labour Party,Wales,Jayne Bryant,
Labour Party,Wales,Alex Thomas,
Labour Party,Wales,Christina Rees,ReesEurope
Labour Party,South West England,Clare Moody,ClareMMoody
Labour Party,South West England,Glyn Ford,
Labour Party,South West England,Ann Reeder,SomersetAnn
Labour Party,South West England,Hadleigh Roberts,HadleighRoberts
Labour Party,South West England,Jude Robinson,Juderobinson
Labour Party,South West England,Junab Ali,junabali
4 Freedoms Party,London,Dirk Hazell,
4 Freedoms Party,London,NoelleAnne O’Sullivan,
4 Freedoms Party,London,Geoff Gibas,
4 Freedoms Party,London,Aline Doussin,
4 Freedoms Party,London,Andrew Bell,
4 Freedoms Party,London,Deborah Phillips,
4 Freedoms Party,London,Royston Flude,
4 Freedoms Party,London,Brendan Donnelly,
Harmony Party,South East England,Terry leach,
Harmony Party,South East England,Raymond Crick,
Harmony Party,London,David Vincent,
Harmony Party,East Midlands,Steve Ward,
Harmony Party,West Midlands,Reg Mahrra,
Animal Welfare Party,London,Vanessa Hudson,
Animal Welfare Party,London,Alexander Bourke,
Animal Welfare Party,London,Kirsteen Williamson-Guinn,
Animal Welfare Party,London,Andrew Knight,
Animal Welfare Party,London,Dimple Patel,
Animal Welfare Party,London,Meg Mathews,
Animal Welfare Party,London,Guy Dessoy,
Animal Welfare Party,London,Ranjan Joshi,
Democratic Unionist Party,Northern Ireland,Diane Dodds,DianeDoddsMEP,http://dbpedia.org/resource/Diane_Dodds
Scottish Green Party,Scotland,Maggie Chapman,MaggieEdinburgh
Scottish Green Party,Scotland,Chas Booth,CllrChasBooth
Scottish Green Party,Scotland,Grace Murray,
Scottish Green Party,Scotland,Alastair Whitelaw,
Scottish Green Party,Scotland,Anne Thomas,
Scottish Green Party,Scotland,Steen Parish,steenparish
The Peace Party,South East England,John Morris,
The Peace Party,South East England,Jim Duggan,
The Peace Party,South East England,Julie Roxburgh,
The Peace Party,South East England,Jeff Bolam,
The Peace Party,South East England,Geoff Pay,
The Peace Party,South East England,David Brown,
The Peace Party,South East England,Keith Scott,
The Peace Party,South East England,Imdad Hussain,
The Peace Party,South East England,Munim Choudhury,
The Peace Party,South East England,Charles Wilkinson,
Traditional Unionist Voice,Northern Ireland,Jim Allister,JimAllister,http://dbpedia.org/resource/Jim_Allister
Ulster Unionist Party,Northern Ireland,Jim Nicholson,JNicholsonMEP
We Demand a Referendum,West Midlands,Nikki Sinclaire,NSinclaireMEP,,http://dbpedia.org/resource/Nikki_Sinclaire
We Demand a Referendum,West Midlands,Andy Adris,
We Demand a Referendum,West Midlands,Linda Brown,
We Demand a Referendum,West Midlands,David Bennett,
We Demand a Referendum,West Midlands,Judith Smart,
We Demand a Referendum,West Midlands,Thomas Reid,
We Demand a Referendum,West Midlands,Amanda Wilson,
UKIP,North East England,Jonathan Arnott,JonathanArnott,http://dbpedia.org/resource/Jonathan_Arnott
UKIP,North East England,Richard Elvin,globalrichard
UKIP,North East England,Philip Broughton,
UKIP,Yorkshire and the Humber,Jane Collins,Jane4ukip
UKIP,Yorkshire and the Humber,Amjad Bashir,
UKIP,Yorkshire and the Humber,Mike Hookem,Mike_Hookem
UKIP,Yorkshire and the Humber,Gary Shores,
UKIP,Yorkshire and the Humber,Jason Smith,JasonSmithUKIP
UKIP,Yorkshire and the Humber,Anne Murgatroyd,
UKIP,East of England,Patrick O'Flynn,
UKIP,East of England,Stuart Agnew,,http://dbpedia.org/resource/Stuart_Agnew
UKIP,East of England,Tim Aker,Tim_Aker
UKIP,East of England,Michael Heaver,Michael_Heaver
UKIP,East of England,Mick McGough,mickmcgough
UKIP,East of England,Andy Monk,
UKIP,East of England,Mark Hughes,MarkJHughes
UKIP,North West England,Paul Nuttall,paulnuttallukip,http://dbpedia.org/resource/Paul_Nuttall
UKIP,North West England,Louise Bours,
UKIP,North West England,Steven Woolfe,Steven_Woolfe
UKIP,North West England,Shneur Odze,ShneurOdzeUKIP
UKIP,North West England,Lee Slaughter,
UKIP,North West England,Simon Noble,NibsNoble
UKIP,North West England,Peter Harper,
UKIP,North West England,John Stanyer,
UKIP,West Midlands,Jill Seymour,JSeymourUKIP
UKIP,West Midlands,James Carver,JamesJimCarver
UKIP,West Midlands,Bill Etheridge,milroy666
UKIP,West Midlands,Phil Henrick,philhenrick
UKIP,West Midlands,Michael Wrench,
UKIP,West Midlands,Michael Green,MikeGreenUKIP
UKIP,West Midlands,Lyndon Jones,
UKIP,Scotland,David Coburn,DavidCoburnUKip
UKIP,Scotland,Kevin Newton,KevinNewtonUKIP
UKIP,Scotland,Otto Inglis,OttoInglis
UKIP,Scotland,Denise Baykal,UKIPCowdenbeath
UKIP,Scotland,Hugh Hatrick,hughhatrick
UKIP,Scotland,Malcolm Mackay,
UKIP,East Midlands,Roger Helmer,RogerHelmerMEP,http://dbpedia.org/resource/Roger_Helmer
UKIP,East Midlands,Margot Parker,MargotLJParker
UKIP,East Midlands,Jonathan Bullock,
UKIP,East Midlands,Nigel Wickens,NigelWickens
UKIP,East Midlands,Barry Mahoney,
UKIP,London,Gerard Batten,GerardBattenMEP,http://dbpedia.org/resource/Gerard_Batten
UKIP,London,Paul Oakley,PaulJamesOakley
UKIP,London,Elizabeth Jones,UKIPbrixtonHill
UKIP,London,Lawrence Webb,UKIPWebb4London
UKIP,London,Alastair McFarlane,
UKIP,London,Anthony Brown,libertariantony
UKIP,London,Andrew McNeilis,andrewmcneilis
UKIP,London,Peter Whittle,
UKIP,South East England,Nigel Farage,Nigel_Farage,http://dbpedia.org/resource/Nigel_Farage
UKIP,South East England,Janice Atkinson,JaniceUKIP
UKIP,South East England,Diane James,DianeUKIP
UKIP,South East England,Ray Finch,raymondfinch
UKIP,South East England,Donna Edmunds,DonnaInSussex
UKIP,South East England,Patricia Culligan,CulliganPA
UKIP,South East England,Nigel Jones,
UKIP,South East England,Alan Stevens,AWAHStevens
UKIP,South East England,Simon Strutt,
UKIP,South East England,Barry Cooper,waddesdonbaz
UKIP,Northern Ireland,Henry Reilly,HenryReillyukip
UKIP,Wales,Nathan Gill,NathanGillMEP
UKIP,Wales,James Cole,
UKIP,Wales,Caroline Jones,
UKIP,Wales,David Rowlands,
UKIP,South West England,William Dartmouth,
UKIP,South West England,Julia Reid,Julia__Reid
UKIP,South West England,Gawain Towler,GawainTowler
UKIP,South West England,Tony McIntyre,
UKIP,South West England,Robert Smith,
UKIP,South West England,Keith Crawford,
Scottish National Party,Scotland,Ian Hudghton,hudghtonmepSNP,http://dbpedia.org/resource/Ian_Hudghton
Scottish National Party,Scotland,Alyn Smith,AlynSmithMEP,http://dbpedia.org/resource/Alyn_Smith
Scottish National Party,Scotland,Tasmina Ahmed-Sheikh,TasminaSheikh
Scottish National Party,Scotland,Stephen Gethins,StephenGethins
Scottish National Party,Scotland,Toni Giugliano,ToniGiugliano
Scottish National Party,Scotland,Chris Stephens,CStephenssnp
Plaid Cymru,Wales,Jill Evans,JillEvansMEP,http://dbpedia.org/resource/Jillian_Evans
Plaid Cymru,Wales,Marc Jones,marcvjones
Plaid Cymru,Wales,Stephen Cornelius,
Plaid Cymru,Wales,Ioan Bellin,Ioanbellin
English Democrats,North East England,Kevin Riddiough,kev927riddy
English Democrats,North East England,Sam Kelly,
English Democrats,North East England,John Lewis,
English Democrats,Yorkshire and the Humber,Chris Beverley,chrisbeverley
English Democrats,Yorkshire and the Humber,David Wildgoose,EnglishGoose
English Democrats,Yorkshire and the Humber,Ian Sutton,
English Democrats,Yorkshire and the Humber,Colin Porter,
English Democrats,Yorkshire and the Humber,Tom Redmond,
English Democrats,Yorkshire and the Humber,David Allen,
English Democrats,West Midlands,Derek Hilling,DerekJHilling
English Democrats,West Midlands,Chris Newey,
English Democrats,West Midlands,Steve Paxton,
English Democrats,West Midlands,Charles Hayward,
English Democrats,West Midlands,Margaret Stoll,
English Democrats,West Midlands,David Lane,
English Democrats,West Midlands,Fred Bishop,
English Democrats,North West England,Stephen Morris,SteMorris
English Democrats,North West England,Paul Rimmer,
English Democrats,North West England,Derek Bullock,
English Democrats,North West England,Paul Whitelegg,
English Democrats,North West England,Steve McEllenborough,
English Democrats,North West England,Laurence Depares,
English Democrats,North West England,Valerie Morris,ValMorris
English Democrats,North West England,Anthony Backhouse,
English Democrats,East of England,Robin Tilbrook,RobinTilbrook
English Democrats,East of England,Charles Vickers,charlesvickers
English Democrats,East of England,Stephen Goldspink,
English Democrats,East of England,Maria Situmbeko,
English Democrats,East of England,Bridget Cowan,
English Democrats,East of England,Don Whitbread,
English Democrats,East of England,Jeremy Moreton-Moss,
English Democrats,East Midlands,Kevin Sills,KSillsEngDem
English Democrats,East Midlands,Dave Wickham,
English Democrats,East Midlands,John Dowle,
English Democrats,East Midlands,Oliver Healey,
English Democrats,East Midlands,Terry Spencer,
English Democrats,South East England,Steve Uncles,SteveUncles
English Democrats,South East England,Julia Gasper,
English Democrats,South East England,Amanda Hopwood,
English Democrats,South East England,Simone Clarke,
English Democrats,South East England,Steve Clegg,
English Democrats,South East England,Milly Uncles,
English Democrats,South East England,Mike Russell,
English Democrats,South East England,Mike Tibby,
English Democrats,South East England,Doreen Dye,
English Democrats,South East England,William James,
English Democrats,London,Jenny Knight,jennyknight2014
English Democrats,London,Matthew Roberts,
English Democrats,London,Maggi Young,
English Democrats,London,Graham Clipperton,
English Democrats,London,Gary Butler,
English Democrats,London,Nick Capp,
English Democrats,London,Louise Dutton,
English Democrats,London,Natalie Smith,
English Democrats,South West England,Alan England,
English Democrats,South West England,Mike Blundell,
English Democrats,South West England,Clive Lavelle,
English Democrats,South West England,Barbara Wright,
English Democrats,South West England,Stephen Wright,
English Democrats,South West England,Raymond Carr,
Christian Peoples Alliance,South East England,Norman Burnett,
Christian Peoples Alliance,South East England,Suzanne Fernandes,
Christian Peoples Alliance,South East England,Flora Amar,
Christian Peoples Alliance,South East England,Rev Anthony,
Christian Peoples Alliance,South East England,Dorothy Mugara,
Christian Peoples Alliance,South East England,Kayode Shedowo,
Christian Peoples Alliance,South East England,Bridget Oyekan,
Christian Peoples Alliance,South East England,Nnenna St Luce,
Christian Peoples Alliance,South East England,Chikka Roja,
Christian Peoples Alliance,London,Sid Cordle,
Christian Peoples Alliance,London,Yemi Awolola,
Christian Peoples Alliance,London,Ashley Dickenson,
Christian Peoples Alliance,London,Sharmilla Swarna,
Christian Peoples Alliance,London,Laurence Williams,
Christian Peoples Alliance,London,Ethel Odiete,
Christian Peoples Alliance,London,Kevin Nichols,
Christian Peoples Alliance,London,Stephen Hammond,
Christian Peoples Alliance,East of England,Carl Clark,
Christian Peoples Alliance,East of England,Mark Clamp,
Christian Peoples Alliance,East of England,Chris Olley,
Christian Peoples Alliance,East of England,Stephen Todd,
Christian Peoples Alliance,East of England,Jane Clamp,
Christian Peoples Alliance,East of England,Kirsty Evans,
Christian Peoples Alliance,East of England,Kevin Austin,,http://dbpedia.org/resource/Kevin_Austin
Liberal Democrats,North East England,Angelika Schneider,Angel4theNorth
Liberal Democrats,North East England,Owen Temple,OwenTemple2
Liberal Democrats,North East England,Christian Vassie,christianvassie
Liberal Democrats,Yorkshire and the Humber,Edward McMillan-Scott,emcmillanscott,http://dbpedia.org/resource/Edward_McMillan-Scott
Liberal Democrats,Yorkshire and the Humber,James Monaghan,JamesMonaghan
Liberal Democrats,Yorkshire and the Humber,Joe Otten,CllrJoeOtten
Liberal Democrats,Yorkshire and the Humber,Chris Foote-Wood,ChrisasDickens
Liberal Democrats,Yorkshire and the Humber,Jacqueline Bell,
Liberal Democrats,Yorkshire and the Humber,Aqila Choudhry,
Liberal Democrats,East of England,Andrew Duff,Andrew_Duff_MEP,http://dbpedia.org/resource/Andrew_Duff
Liberal Democrats,East of England,Josephine Hayes,JoHayesLibDem
Liberal Democrats,East of England,Belinda Brooks-Gordon,BelindaBG
Liberal Democrats,East of England,Stephen Robinson,sj_robinson
Liberal Democrats,East of England,Michael Green,michaelgreen01
Liberal Democrats,East of England,Linda Jack,Lindylooz
Liberal Democrats,East of England,Hugh Annand,Hugh_Annand
Liberal Democrats,North West England,Chris Davies,ChrisDaviesMEP,http://dbpedia.org/resource/Chris_Davies
Liberal Democrats,North West England,Helen Foster-Grime,helen_fg
Liberal Democrats,North West England,Jo Crotty,ProfJoCrotty
Liberal Democrats,North West England,Qassim Afzal,QassimAfzal
Liberal Democrats,North West England,Jane Brophy,Cllr_JaneBrophy
Liberal Democrats,North West England,Sue McGuire,sue_mcguire
Liberal Democrats,North West England,Gordon Lishman,
Liberal Democrats,North West England,Neil Christian,Neil_Christian
Liberal Democrats,West Midlands,Phil Bennion,PhilBennionMEP,http://dbpedia.org/resource/Phil_Bennion
Liberal Democrats,West Midlands,Jonathan Webber,JPMWebber
Liberal Democrats,West Midlands,Christine Tinker,ctinker2
Liberal Democrats,West Midlands,Ayoub Khan,AyoubKhanPCC
Liberal Democrats,West Midlands,Tim Bearder,timbearder
Liberal Democrats,West Midlands,Neville Farmer,nevillefarmer
Liberal Democrats,West Midlands,John Redfern,
Liberal Democrats,Scotland,George Lyon,georgelyonmep,http://dbpedia.org/resource/George_Lyon_(Scottish_politician)
Liberal Democrats,Scotland,Christine Jardine,Cajardine
Liberal Democrats,Scotland,Richard Brodie,
Liberal Democrats,Scotland,Jade Holden,JadeEHolden
Liberal Democrats,Scotland,Siobhan Mathers,
Liberal Democrats,Scotland,Euan Davidson,euandavidson
Liberal Democrats,East Midlands,Bill Newton Dunn,billnewtondunn,http://dbpedia.org/resource/Bill_Newton_Dunn
Liberal Democrats,East Midlands,Issan Ghazni,Issanghazni
Liberal Democrats,East Midlands,Phil Knowles,PhilKnowlesLD
Liberal Democrats,East Midlands,George Smid,GeorgeSmid
Liberal Democrats,East Midlands,Deborah Newton-Cook,DNewtonCook
Liberal Democrats,South East England,Catherine Bearder,catherinemep,http://dbpedia.org/resource/Catherine_Bearder
Liberal Democrats,South East England,Anthony Hook,antonyhook
Liberal Democrats,South East England,Dinti Batstone,DintiBatstone
Liberal Democrats,South East England,Giles Goodall,GoodallGiles
Liberal Democrats,South East England,Ian Bearder,IanBearder
Liberal Democrats,South East England,Allis Moss,
Liberal Democrats,South East England,Steve Sollitt,stevesollitt
Liberal Democrats,South East England,Bruce Tennent,BruceTennent
Liberal Democrats,South East England,John Vincent,
Liberal Democrats,South East England,Alan Bullion,AlanBullion
Liberal Democrats,London,Sarah Ludford,SarahLudfordMEP,http://dbpedia.org/resource/Sarah_Ludford,_Baroness_Ludford
Liberal Democrats,London,Jonathan Fryer,jonathanfryer,http://dbpedia.org/resource/Jonathan_Fryer
Liberal Democrats,London,Richard Davis,DrDickyD
Liberal Democrats,London,Anuja Prashar,AnujaPrashar
Liberal Democrats,London,Rosina Robson,RosinaRobson
Liberal Democrats,London,Turhan Ozen,tozen
Liberal Democrats,London,Simon James,simon4europe
Liberal Democrats,London,Matt McLaren,mattjmclaren
Liberal Democrats,Wales,Alec Dauncey,alecaberystwyth
Liberal Democrats,Wales,Rob Speht,
Liberal Democrats,Wales,Jackie Radford,
Liberal Democrats,Wales,Bruce Roberts,WxmBruce
Liberal Democrats,South West England,Graham Watson,grahamwatsonmep,http://dbpedia.org/resource/Graham_Watson
Liberal Democrats,South West England,Kay Barnard,Kay_Barnard
Liberal Democrats,South West England,Brian Matthew,
Liberal Democrats,South West England,Andrew Wigley,andrewwigley
Liberal Democrats,South West England,Jay Risbridger,JayRisbridger
Liberal Democrats,South West England,Lyana Armstrong-Emery,
YOURvoice Party,South East England,Julian James,,http://dbpedia.org/resource/Julian_James
YOURvoice Party,South East England,Rachel Ling,LocalRachel
YOURvoice Party,South East England,Fulvia James,
The Roman Party.AVE,South East England,Jean-Louis Pascual,
Green Party,South West England,Molly Scott Cato,MollyScottCato
Green Party,South West England,Emily McIvor,
Green Party,South West England,Ricky Knight,greenknight49
Green Party,South West England,Audaye Elesedy,audaye
Green Party,South West England,Judy Maciejowska,judymaciejowska
Green Party,South West England,Mark Chivers,
Green Party,Yorkshire and the Humber,Andrew Cooper,clrandrewcooper
Green Party,Yorkshire and the Humber,Shan Oakes,shanoakes
Green Party,Yorkshire and the Humber,Dr Vicky Dunn,HumberGreen
Green Party,Yorkshire and the Humber,Denise Craghill,DeniseCraghill
Green Party,Yorkshire and the Humber,Martin Hemingway,yorksgreenmarti
Green Party,Yorkshire and the Humber,Kevin Warnes,kevinwarnes
Green Party,East of England,Rupert Read,GreenRupertRead,http://dbpedia.org/resource/Rupert_Read
Green Party,East of England,Mark Ereira-Guyer,markereiraguyer,http://dbpedia.org/resource/Mark_Ereira-Guyer
Green Party,East of England,Jill Mills,
Green Party,East of England,Ash Haynes,ashlizhaynes
Green Party,East of England,Marc Scheimann,
Green Party,East of England,Robert Lindsay,robjlinds
Green Party,East of England,Fiona Radic,FionaRadic
Green Party,West Midlands,Will Duckworth,WillDuckworthGP
Green Party,West Midlands,Aldo Mussi,
Green Party,West Midlands,Vicky Duckworth,VickyDuckworth
Green Party,West Midlands,Tom Harris,mrtomharris
Green Party,West Midlands,Karl Macnaughton,CllrKarl
Green Party,West Midlands,Duncan Kerr,DunxKerr
Green Party,West Midlands,Laura Vesty,
Green Party,East Midlands,Kat Boettge,KatBoettge
Green Party,East Midlands,Sue Mallender,Sue_Mallender
Green Party,East Midlands,Richard Mallender,CllrRMallender
Green Party,East Midlands,Peter Allen,petergreenleft
Green Party,East Midlands,Simon Hales,shales73
Green Party,North West England,Peter Cranie,PeterCranie
Green Party,North West England,Gina Dowding,
Green Party,North West England,Laura Bannister,
Green Party,North West England,Jill Perry,
Green Party,North West England,John Knight,
Green Party,North West England,Ulrike Zeshan,
Green Party,North West England,Lewis Coyne,LewisCoyne
Green Party,North West England,Jake Welsh,veganfishcake
Green Party,London,Jean Lambert,GreenJeanMEP,http://dbpedia.org/resource/Jean_Lambert
Green Party,London,Caroline Allen,Green_Caroline
Green Party,London,Haroon Saad,HaroonSaad1
Green Party,London,Shahrar Ali,shahrarali
Green Party,London,Danny Bates,Green_DannyB
Green Party,London,Tracey Hague,
Green Party,London,Violeta Vajda,violetavajda
Green Party,London,Amelia Womack,green_ballerina
Green Party,Wales,Pippa Bartolotti,pippabartolotti
Green Party,Wales,John Matthews,
Green Party,Wales,Chris Were,ChristopherWere
Green Party,Wales,Rozz Cutler,
Green Party,North East England,Shirley Ford,ShirleyFord15
Green Party,North East England,Alison Whalley,alisonjwhalley
Green Party,North East England,Caroline Robinson,
Green Party,South East England,Keith Taylor,GreenKeithMEP,http://dbpedia.org/resource/Keith_Taylor_(British_politician)
Green Party,South East England,Alexandra Phillips,
Green Party,South East England,Derek Wall,Anothergreen
Green Party,South East England,Jason Kitcat,jasonkitcat
Green Party,South East England,Miriam Kennet,
Green Party,South East England,Beverley Golden,
Green Party,South East England,Jonathan Essex,
Green Party,South East England,Jonathan Kent,Jolph
Green Party,South East England,Stuart Jeffrey,stuartjeffery
Green Party,South East England,Ray Cunningham,
Aspire To Better,Northern Ireland,Tina McKenzie,